<?xml version="1.0" encoding="UTF-8"?>
<!DOCTYPE mapper PUBLIC "-//mybatis.org//DTD Mapper 3.0//EN" "http://mybatis.org/dtd/mybatis-3-mapper.dtd">

<mapper namespace="user">
<!-- 회원가입 -->
<insert id="insertUser" parameterType="hashmap" ><![CDATA[
INSERT INTO USERS (USER_NO,PASSWORD,NICK_NAME,PROFILE,EMAIL) VALUES (USERS_SEQ.NEXTVAL,#{PASSWORD},#{NICK_NAME},#{PROFILE},#{EMAIL})
]]>
</insert>
<!-- 로그인 -->
<select id="login" parameterType="hashmap" resultType="hashmap"><![CDATA[
SELECT USER_NO,NICK_NAME,PASSWORD,EMAIL,ACTIVE_SCORE,ADMIN,PROFILE FROM USERS WHERE EMAIL =#{EMAIL} AND PASSWORD=#{PASSWORD}
]]></select>
<!-- 유저리스트 -->
<select id="selectUserList" parameterType="hashmap" resultType="hashmap"><![CDATA[
SELECT NICK_NAME,PASSWORD,EMAIL,PROFILE,ROWNUM FROM USERS
]]></select>
<!-- 삭제 유저 리스트 -->
<select id="selectDeleteUserList" parameterType="hashmap" resultType="hashmap"><![CDATA[
SELECT NICK_NAME,PASSWORD,EMAIL,PROFILE,ROWNUM FROM USERS WHERE DEL_GB ='Y'
]]></select>
<!-- 정지 유저 리스트 -->
<select id="selectStopUserList" parameterType="hashmap" resultType="hashmap"><![CDATA[
SELECT NICK_NAME,PASSWORD,EMAIL,PROFILE,ROWNUM FROM USERS WHERE USER_STOP = 'Y'
]]></select>
<!-- 내정보 보기 -->
<select id="selectMypageDetail" parameterType="hashmap" resultType="hashmap"><![CDATA[
SELECT NICK_NAME,PASSWORD,EMAIL,PROFILE FROM USERS WHERE USER_NO = #{USER_NO}
]]></select>
<!-- 내정보 수정 -->
<update id="updateMypage" parameterType="hashmap"><![CDATA[
UPDATE USERS SET PASSWORD = #{PASSWORD}, NICK_NAME= #{NICK_NAME}, PROFILE= #{PROFILE} WHERE USER_NO=#{USER_NO}
]]></update>
<!-- 유저 삭제 -->
<update id="deleteUser" parameterType="hashmap"><![CDATA[
UPDATE USERS SET DEL_GB = 'Y', DELDATE =SYSDATE WHERE USER_NO=#{USER_NO}
]]></update>
<!-- db상의 유저 삭제 -->
<delete id="realDeleteUser" parameterType="hashmap"><![CDATA[
DELETE USERS WHERE DELDATE+7 < SYSDATE
]]></delete>

<!-- 유저 정지 -->
<update id="updateUserDisabled" parameterType="hashmap"><![CDATA[
UPDATE USERS SET USER_STOP = 'Y' WHERE USER_NO=#{USERS_NO}
]]></update>
<!-- 정지 해제 -->
<update id="returnUserDisabled" parameterType="hashmap"><![CDATA[
UPDATE USERS SET USER_STOP = 'N', REPORT_COUNT = 0 WHERE USER_NO=#{USERS_NO}
]]></update>
<!-- 유저 신고 -->
<update id="repostUser" parameterType="hashmap"><![CDATA[
UPDATE USERS SET REPORT_COUNT =+ 1 WHERE USER_NO=#{USERS_NO}
]]></update>
<!-- 유저 활동점수 증가 -->
<update id="upActiveScore" parameterType="hashmap"><![CDATA[
UPDATE USERS SET ACTIVE_SCORE =+ '' WHERE USER_NO=#{USERS_NO}
]]></update>
<!-- 이력서 작성 -->
<insert id="insertResume" parameterType="hashmap" ><![CDATA[
INSERT INTO RESUME (RESUME_NO,user_no,NAME, TELL,EMAIL,ADDRESS,ADDRESS1,ADDRESS2,SKILL,BLOG,FILES,ZIPCODE) 
		VALUES(RESUME_SEQ.NEXTVAL,#{USER_NO},#{NAME},#{TELL},#{EMAIL},#{ADDRESS},#{ADDRESS1},#{ADDRESS2},#{SKILL},#{BLOG},#{FILES},#{ZIPCODE})
		]]></insert>
<!-- 작성글 리스트 -->
<select id="selectWriteList"  parameterType="hashmap" resultType="hashmap" ><![CDATA[
SELECT USERS.NICK_NAME,BOARD.TITLE,BOARD.READ_COUNT,TO_CHAR(BOARD.BOARD_DATE,'YY/DD/mm(HH:MM)') "BOARD_DATE",ROWNUM FROM BOARD INNER JOIN USERS ON BOARD.USER_NO = USERS.USER_NO WHERE BOARD.USER_NO = #{USER_NO} AND BOARD.DEL_GB = 'N' AND BOARD.REPORT_COUNT<'20'  ORDER BY board.board_date DESC
]]></select>
<!-- 프로젝트 알림 -->
<select id="selectProjectArList" parameterType="hashmap" resultType="hashmap"><![CDATA[
SELECT PROJECTBOARD.PROJECT_NAME,PROJECTBOARD.PROJECT_NO  FROM PROJECTBOARD INNER JOIN APPLICATION ON APPLICATION.PROJECT_NO = PROJECTBOARD.PROJECT_NO WHERE APPLICATION.APPLICATION_AR='Y' AND APPLICATION.USER_NO = ${USER_NO}
]]></select>
<!-- 알림삭제 -->
<update id="clickProjectAr" parameterType="hashmap">
UPDATE APPLICATION SET  APPLICATION_AR = 'N' WHERE PROJECT_NO = #{PROJECT_NO} AND USER_NO = #{USER_NO}
</update>

<!-- 참여 프로젝트 리스트 -->
<select id="selectProjectList" parameterType="hashmap" resultType="hashmap"><![CDATA[
SELECT PROJECTBOARD.PROJECT_NO,PROJECTBOARD.PROJECT_NAME,to_char(PROJECTBOARD.PROJECT_START,'YY-MM-dd') "PROJECT_START",to_char(PROJECTBOARD.PROJECT_END,'YY-MM-dd') "PROJECT_END"  FROM PROJECTBOARD INNER JOIN APPLICATION ON APPLICATION.PROJECT_NO = PROJECTBOARD.PROJECT_NO WHERE APPLICATION.USER_NO = #{USER_NO}
]]></select>
<!-- 작성글 알림보기 -->
<select id="selectArlimeList" parameterType="hashmap" resultType="hashmap"><![CDATA[
SELECT TITLE,BOARD_NO from board where BOARD_AR = 'Y' AND USER_NO = #{USER_NO}
]]></select>
<!-- 알림삭제 -->
<update id="clickArlist" parameterType="hashmap">
UPDATE BOARD SET  BOARD_AR = 'N' WHERE BOARD_NO = #{BOARD_NO}
</update>
<!-- 이력서 상세보기 -->
<select id="selectBoardDetail" parameterType="hashmap" resultType="hashmap"><![CDATA[
SELECT NAME,TELL,EMAIL,ADDRESS,ADDRESS1,ADDRESS2,SKILL,BLOG,FILES,ZIPCODE FROM RESUME WHERE RESUME_NO = #{RESUME_NO}
]]></select>
<!-- 팔로우 추가 -->
<insert id="insertFollow" parameterType="hashmap"><![CDATA[
INSERT INTO FOLLOW VALUES(#{USER_NO},#{FOLLOWER})
]]></insert>
<!-- 팔로우 리스트 -->
<select id="selectFollowList" parameterType="hashmap" resultType="hashmap"><![CDATA[
SELECT USERS.NICK_NAME,ROWNUM FROM FOLLOW INNER JOIN USERS ON FOLLOW.FOLLOWER = USERS.USER_NO WHERE FOLLOW.USER_NO = #{USER_NO}
]]></select>
<!-- 스크랩 추가 -->
<insert id="insertScrap" parameterType="hashmap"><![CDATA[
INSERT INTO SCRAP VALUES(#{USER_NO},#{BOARD_NO})
]]></insert>
<!-- 스크랩 리스트 -->
<select id="selectScrapList" parameterType="hashmap" resultType="hashmap"><![CDATA[
SELECT BOARD.TITLE,BOARD.USER_NO,BOARD.BOARD_DATE,ROWNUM FROM SCRAP INNER JOIN BOARD ON SCRAP.BOARD_NO = BOARD.BOARD_NO WHERE SCRAP.USER_NO=#{USER_NO}
]]></select>

</mapper>

